rows,config,query,median_ms
315648,A_no_index,T1_point_lookup,261.27
315648,A_no_index,T2_one_day,200.76
315648,A_no_index,T3_one_month,212.72
315648,A_no_index,T4_one_year,220.17
315648,A_no_index,T5_hot_readings,188.16
315648,A_no_index,T6_one_season,233.39
315648,B_secondary_time,T1_point_lookup,0.19
315648,B_secondary_time,T2_one_day,0.37
315648,B_secondary_time,T3_one_month,14.44
315648,B_secondary_time,T4_one_year,256.0
315648,B_secondary_time,T5_hot_readings,198.94
315648,B_secondary_time,T6_one_season,241.82
315648,C_clustered_pk,T1_point_lookup,0.73
315648,C_clustered_pk,T2_one_day,0.95
315648,C_clustered_pk,T3_one_month,3.68
315648,C_clustered_pk,T4_one_year,46.88
315648,C_clustered_pk,T5_hot_readings,77.98
315648,C_clustered_pk,T6_one_season,83.51
315648,D_pk_plus_temp,T1_point_lookup,0.44
315648,D_pk_plus_temp,T2_one_day,0.35
315648,D_pk_plus_temp,T3_one_month,2.29
315648,D_pk_plus_temp,T4_one_year,46.03
315648,D_pk_plus_temp,T5_hot_readings,1.2
315648,D_pk_plus_temp,T6_one_season,86.72
315648,E_pk_plus_season,T1_point_lookup,0.28
315648,E_pk_plus_season,T2_one_day,0.59
315648,E_pk_plus_season,T3_one_month,2.85
315648,E_pk_plus_season,T4_one_year,43.74
315648,E_pk_plus_season,T5_hot_readings,73.57
315648,E_pk_plus_season,T6_one_season,108.59
